なんこ鍋,,,-3200,名詞,一般,*,*,*,*,なんこ鍋,*,*,local_foods
かじか汁,,,-3200,名詞,一般,*,*,*,*,かじか汁,*,*,local_foods
ゴッコ汁,,,-3200,名詞,一般,*,*,*,*,ゴッコ汁,*,*,local_foods
だんご汁,,,-3200,名詞,一般,*,*,*,*,だんご汁,*,*,local_foods
てっぽう汁,,,-4472,名詞,一般,*,*,*,*,てっぽう汁,*,*,local_foods
豚（ぶた）汁,,,-5878,名詞,一般,*,*,*,*,豚（ぶた）汁,*,*,local_foods
ガタタン,,,-3200,名詞,一般,*,*,*,*,ガタタン,*,*,local_foods
かしわぬき,,,-4472,名詞,一般,*,*,*,*,かしわぬき,*,*,local_foods
ニシンそば,,,-4472,名詞,一般,*,*,*,*,ニシンそば,*,*,local_foods
グリンめん,,,-4472,名詞,一般,*,*,*,*,グリンめん,*,*,local_foods
いかめし,,,-3200,名詞,一般,*,*,*,*,いかめし,*,*,local_foods
イカそうめん,,,-5878,名詞,一般,*,*,*,*,イカそうめん,*,*,local_foods
いももち,,,-3200,名詞,一般,*,*,*,*,いももち,*,*,local_foods
かぼちゃ汁粉,,,-5878,名詞,一般,*,*,*,*,かぼちゃ汁粉,*,*,local_foods
あげいも,,,-3200,名詞,一般,*,*,*,*,あげいも,*,*,local_foods
じゃがバター,,,-5878,名詞,一般,*,*,*,*,じゃがバター,*,*,local_foods
茹で・焼き,,,-4472,名詞,一般,*,*,*,*,茹で・焼き,*,*,local_foods
とうきび,,,-3200,名詞,一般,*,*,*,*,とうきび,*,*,local_foods
北見焼き,,,-3200,名詞,一般,*,*,*,*,北見焼き,*,*,local_foods
酢味噌和え,,,-4472,名詞,一般,*,*,*,*,酢味噌和え,*,*,local_foods
昆布巻き,,,-3200,名詞,一般,*,*,*,*,昆布巻き,*,*,local_foods
ジンギスカン,,,-5878,名詞,一般,*,*,*,*,ジンギスカン,*,*,local_foods
たこまんま,,,-4472,名詞,一般,*,*,*,*,たこまんま,*,*,local_foods
氷頭なます,,,-4472,名詞,一般,*,*,*,*,氷頭なます,*,*,local_foods
炉端焼き,,,-3200,名詞,一般,*,*,*,*,炉端焼き,*,*,local_foods
室蘭やきとり,,,-5878,名詞,一般,*,*,*,*,室蘭やきとり,*,*,local_foods
松前漬け,,,-3200,名詞,一般,*,*,*,*,松前漬け,*,*,local_foods
切り込み,,,-3200,名詞,一般,*,*,*,*,切り込み,*,*,local_foods
すき焼き,,,-3200,名詞,一般,*,*,*,*,すき焼き,*,*,local_foods
ラムしゃぶ,,,-4472,名詞,一般,*,*,*,*,ラムしゃぶ,*,*,local_foods
タコしゃぶ,,,-4472,名詞,一般,*,*,*,*,タコしゃぶ,*,*,local_foods
ちゃんちゃん焼き,,,-9050,名詞,一般,*,*,*,*,ちゃんちゃん焼き,*,*,local_foods
タチ料理,,,-3200,名詞,一般,*,*,*,*,タチ料理,*,*,local_foods
ウチダザリガニ,,,-7408,名詞,一般,*,*,*,*,ウチダザリガニ,*,*,local_foods
ワカサギ,,,-3200,名詞,一般,*,*,*,*,ワカサギ,*,*,local_foods
シシャモ,,,-3200,名詞,一般,*,*,*,*,シシャモ,*,*,local_foods
ギョウジャニンニク,,,-10800,名詞,一般,*,*,*,*,ギョウジャニンニク,*,*,local_foods
山ワサビ,,,-3200,名詞,一般,*,*,*,*,山ワサビ,*,*,local_foods
じゃっぱ汁,,,-4472,名詞,一般,*,*,*,*,じゃっぱ汁,*,*,local_foods
イカのポンポン焼き,,,-10800,名詞,一般,*,*,*,*,イカのポンポン焼き,*,*,local_foods
烏賊寿司,,,-3200,名詞,一般,*,*,*,*,烏賊寿司,*,*,local_foods
いちご煮,,,-3200,名詞,一般,*,*,*,*,いちご煮,*,*,local_foods
南蛮の一升漬け,,,-7408,名詞,一般,*,*,*,*,南蛮の一升漬け,*,*,local_foods
煮あえっこ,,,-4472,名詞,一般,*,*,*,*,煮あえっこ,*,*,local_foods
いももち,,,-3200,名詞,一般,*,*,*,*,いももち,*,*,local_foods
味噌貝焼き(みそかやぎ),,,-16627,名詞,一般,*,*,*,*,味噌貝焼き(みそかやぎ),*,*,local_foods
氷頭なます,,,-4472,名詞,一般,*,*,*,*,氷頭なます,*,*,local_foods
キンカ餅,,,-3200,名詞,一般,*,*,*,*,キンカ餅,*,*,local_foods
あずきばっと,,,-5878,名詞,一般,*,*,*,*,あずきばっと,*,*,local_foods
ねりこみ,,,-3200,名詞,一般,*,*,*,*,ねりこみ,*,*,local_foods
豆しとぎ,,,-3200,名詞,一般,*,*,*,*,豆しとぎ,*,*,local_foods
生姜味噌,,,-3200,名詞,一般,*,*,*,*,生姜味噌,*,*,local_foods
そばかっけ,,,-4472,名詞,一般,*,*,*,*,そばかっけ,*,*,local_foods
ホッケのすり身汁,,,-9050,名詞,一般,*,*,*,*,ホッケのすり身汁,*,*,local_foods
けいらん,,,-3200,名詞,一般,*,*,*,*,けいらん,*,*,local_foods
べこもち,,,-3200,名詞,一般,*,*,*,*,べこもち,*,*,local_foods
そば串餅,,,-3200,名詞,一般,*,*,*,*,そば串餅,*,*,local_foods
せんべい汁,,,-4472,名詞,一般,*,*,*,*,せんべい汁,*,*,local_foods
いものこ汁,,,-4472,名詞,一般,*,*,*,*,いものこ汁,*,*,local_foods
ひっつみ,,,-3200,名詞,一般,*,*,*,*,ひっつみ,*,*,local_foods
みそばっけもち,,,-7408,名詞,一般,*,*,*,*,みそばっけもち,*,*,local_foods
柳ばっと,,,-3200,名詞,一般,*,*,*,*,柳ばっと,*,*,local_foods
わんこそば,,,-4472,名詞,一般,*,*,*,*,わんこそば,*,*,local_foods
ひゅうず,,,-3200,名詞,一般,*,*,*,*,ひゅうず,*,*,local_foods
ぬっぺ汁,,,-3200,名詞,一般,*,*,*,*,ぬっぺ汁,*,*,local_foods
うちわ餅,,,-3200,名詞,一般,*,*,*,*,うちわ餅,*,*,local_foods
ほろほろ,,,-3200,名詞,一般,*,*,*,*,ほろほろ,*,*,local_foods
切り山椒,,,-3200,名詞,一般,*,*,*,*,切り山椒,*,*,local_foods
盛岡冷麺,,,-3200,名詞,一般,*,*,*,*,盛岡冷麺,*,*,local_foods
盛岡じゃじゃ麺,,,-7408,名詞,一般,*,*,*,*,盛岡じゃじゃ麺,*,*,local_foods
おくずかけ,,,-4472,名詞,一般,*,*,*,*,おくずかけ,*,*,local_foods
仙台味噌,,,-3200,名詞,一般,*,*,*,*,仙台味噌,*,*,local_foods
はっと汁,,,-3200,名詞,一般,*,*,*,*,はっと汁,*,*,local_foods
はらこ飯,,,-3200,名詞,一般,*,*,*,*,はらこ飯,*,*,local_foods
ほっき飯,,,-3200,名詞,一般,*,*,*,*,ほっき飯,*,*,local_foods
ほっき貝,,,-3200,名詞,一般,*,*,*,*,ほっき貝,*,*,local_foods
ホヤ料理,,,-3200,名詞,一般,*,*,*,*,ホヤ料理,*,*,local_foods
長なす漬,,,-3200,名詞,一般,*,*,*,*,長なす漬,*,*,local_foods
仙台牛タン,,,-4472,名詞,一般,*,*,*,*,仙台牛タン,*,*,local_foods
ずんだ餅,,,-3200,名詞,一般,*,*,*,*,ずんだ餅,*,*,local_foods
石焼き鍋,,,-3200,名詞,一般,*,*,*,*,石焼き鍋,*,*,local_foods
稲庭うどん,,,-4472,名詞,一般,*,*,*,*,稲庭うどん,*,*,local_foods
いぶりがっこ,,,-5878,名詞,一般,*,*,*,*,いぶりがっこ,*,*,local_foods
だまこもち,,,-4472,名詞,一般,*,*,*,*,だまこもち,*,*,local_foods
きりたんぽ,,,-4472,名詞,一般,*,*,*,*,きりたんぽ,*,*,local_foods
じゅんさい,,,-4472,名詞,一般,*,*,*,*,じゅんさい,*,*,local_foods
しょっつる鍋,,,-5878,名詞,一般,*,*,*,*,しょっつる鍋,*,*,local_foods
ハタハタ寿司,,,-5878,名詞,一般,*,*,*,*,ハタハタ寿司,*,*,local_foods
ババヘラ,,,-3200,名詞,一般,*,*,*,*,ババヘラ,*,*,local_foods
とんぶり,,,-3200,名詞,一般,*,*,*,*,とんぶり,*,*,local_foods
とろろまま,,,-4472,名詞,一般,*,*,*,*,とろろまま,*,*,local_foods
ザッパ汁,,,-3200,名詞,一般,*,*,*,*,ザッパ汁,*,*,local_foods
芋の子汁,,,-3200,名詞,一般,*,*,*,*,芋の子汁,*,*,local_foods
青菜漬け,,,-3200,名詞,一般,*,*,*,*,青菜漬け,*,*,local_foods
いなごの佃煮,,,-5878,名詞,一般,*,*,*,*,いなごの佃煮,*,*,local_foods
おみ漬け,,,-3200,名詞,一般,*,*,*,*,おみ漬け,*,*,local_foods
もってのほか,,,-5878,名詞,一般,*,*,*,*,もってのほか,*,*,local_foods
どんどん焼き,,,-5878,名詞,一般,*,*,*,*,どんどん焼き,*,*,local_foods
塩引きずし,,,-4472,名詞,一般,*,*,*,*,塩引きずし,*,*,local_foods
ひょう干し,,,-4472,名詞,一般,*,*,*,*,ひょう干し,*,*,local_foods
くるみ豆腐,,,-4472,名詞,一般,*,*,*,*,くるみ豆腐,*,*,local_foods
むきそば,,,-3200,名詞,一般,*,*,*,*,むきそば,*,*,local_foods
ふきのとう味噌,,,-7408,名詞,一般,*,*,*,*,ふきのとう味噌,*,*,local_foods
雪菜のふすべ漬け,,,-9050,名詞,一般,*,*,*,*,雪菜のふすべ漬け,*,*,local_foods
おかひじき,,,-4472,名詞,一般,*,*,*,*,おかひじき,*,*,local_foods
いか塩辛,,,-3200,名詞,一般,*,*,*,*,いか塩辛,*,*,local_foods
水かけご飯,,,-4472,名詞,一般,*,*,*,*,水かけご飯,*,*,local_foods
ずんだ餅,,,-3200,名詞,一般,*,*,*,*,ずんだ餅,*,*,local_foods
あんこう鍋,,,-4472,名詞,一般,*,*,*,*,あんこう鍋,*,*,local_foods
いかにんじん,,,-5878,名詞,一般,*,*,*,*,いかにんじん,*,*,local_foods
ウニの貝焼き,,,-5878,名詞,一般,*,*,*,*,ウニの貝焼き,*,*,local_foods
つと豆腐,,,-3200,名詞,一般,*,*,*,*,つと豆腐,*,*,local_foods
にしん漬,,,-3200,名詞,一般,*,*,*,*,にしん漬,*,*,local_foods
よもぎ餅,,,-3200,名詞,一般,*,*,*,*,よもぎ餅,*,*,local_foods
ゆず巻き,,,-3200,名詞,一般,*,*,*,*,ゆず巻き,*,*,local_foods
三五八漬け,,,-4472,名詞,一般,*,*,*,*,三五八漬け,*,*,local_foods
しんごろう,,,-4472,名詞,一般,*,*,*,*,しんごろう,*,*,local_foods
ニシンの山椒漬け,,,-9050,名詞,一般,*,*,*,*,ニシンの山椒漬け,*,*,local_foods
はっとう,,,-3200,名詞,一般,*,*,*,*,はっとう,*,*,local_foods
ふきのとう味噌,,,-7408,名詞,一般,*,*,*,*,ふきのとう味噌,*,*,local_foods
ぼうたら煮,,,-4472,名詞,一般,*,*,*,*,ぼうたら煮,*,*,local_foods
ホッキ飯,,,-3200,名詞,一般,*,*,*,*,ホッキ飯,*,*,local_foods
味噌かんぷら,,,-5878,名詞,一般,*,*,*,*,味噌かんぷら,*,*,local_foods
メヒカリ,,,-3200,名詞,一般,*,*,*,*,メヒカリ,*,*,local_foods
山都そば,,,-3200,名詞,一般,*,*,*,*,山都そば,*,*,local_foods
山人料理,,,-3200,名詞,一般,*,*,*,*,山人料理,*,*,local_foods
あんこう鍋,,,-4472,名詞,一般,*,*,*,*,あんこう鍋,*,*,local_foods
そぼろ納豆,,,-4472,名詞,一般,*,*,*,*,そぼろ納豆,*,*,local_foods
けんちんそば,,,-5878,名詞,一般,*,*,*,*,けんちんそば,*,*,local_foods
こも豆腐,,,-3200,名詞,一般,*,*,*,*,こも豆腐,*,*,local_foods
しみこん,,,-3200,名詞,一般,*,*,*,*,しみこん,*,*,local_foods
火取りかつお,,,-5878,名詞,一般,*,*,*,*,火取りかつお,*,*,local_foods
鮎のなれ寿司,,,-5878,名詞,一般,*,*,*,*,鮎のなれ寿司,*,*,local_foods
しもつかれ,,,-4472,名詞,一般,*,*,*,*,しもつかれ,*,*,local_foods
いとこ汁,,,-3200,名詞,一般,*,*,*,*,いとこ汁,*,*,local_foods
ぬっぺい汁,,,-4472,名詞,一般,*,*,*,*,ぬっぺい汁,*,*,local_foods
あゆの釜飯,,,-4472,名詞,一般,*,*,*,*,あゆの釜飯,*,*,local_foods
日光巻き,,,-3200,名詞,一般,*,*,*,*,日光巻き,*,*,local_foods
かんぴょう,,,-4472,名詞,一般,*,*,*,*,かんぴょう,*,*,local_foods
耳うどん,,,-3200,名詞,一般,*,*,*,*,耳うどん,*,*,local_foods
ちたけそば,,,-4472,名詞,一般,*,*,*,*,ちたけそば,*,*,local_foods
焼きまんじゅう,,,-7408,名詞,一般,*,*,*,*,焼きまんじゅう,*,*,local_foods
おっきりこみ,,,-5878,名詞,一般,*,*,*,*,おっきりこみ,*,*,local_foods
水沢うどん,,,-4472,名詞,一般,*,*,*,*,水沢うどん,*,*,local_foods
館林うどん,,,-4472,名詞,一般,*,*,*,*,館林うどん,*,*,local_foods
下仁田ねぎ,,,-4472,名詞,一般,*,*,*,*,下仁田ねぎ,*,*,local_foods
花いんげん,,,-4472,名詞,一般,*,*,*,*,花いんげん,*,*,local_foods
磯部せんべい,,,-5878,名詞,一般,*,*,*,*,磯部せんべい,*,*,local_foods
なまずの天ぷら,,,-7408,名詞,一般,*,*,*,*,なまずの天ぷら,*,*,local_foods
味噌饅頭,,,-3200,名詞,一般,*,*,*,*,味噌饅頭,*,*,local_foods
つみっこ,,,-3200,名詞,一般,*,*,*,*,つみっこ,*,*,local_foods
やきもち,,,-3200,名詞,一般,*,*,*,*,やきもち,*,*,local_foods
アカシアの天ぷら,,,-9050,名詞,一般,*,*,*,*,アカシアの天ぷら,*,*,local_foods
生芋こんにゃく料理,,,-10800,名詞,一般,*,*,*,*,生芋こんにゃく料理,*,*,local_foods
いがまんじゅう,,,-7408,名詞,一般,*,*,*,*,いがまんじゅう,*,*,local_foods
冷や汁うどん,,,-5878,名詞,一般,*,*,*,*,冷や汁うどん,*,*,local_foods
黄金めし,,,-3200,名詞,一般,*,*,*,*,黄金めし,*,*,local_foods
草加煎餅,,,-3200,名詞,一般,*,*,*,*,草加煎餅,*,*,local_foods
いもとろごはん,,,-7408,名詞,一般,*,*,*,*,いもとろごはん,*,*,local_foods
とろろ汁,,,-3200,名詞,一般,*,*,*,*,とろろ汁,*,*,local_foods
さつまいも餅,,,-5878,名詞,一般,*,*,*,*,さつまいも餅,*,*,local_foods
おっきりこみ,,,-5878,名詞,一般,*,*,*,*,おっきりこみ,*,*,local_foods
酢まんじゅう,,,-5878,名詞,一般,*,*,*,*,酢まんじゅう,*,*,local_foods
つとっこ,,,-3200,名詞,一般,*,*,*,*,つとっこ,*,*,local_foods
塩あんびん,,,-4472,名詞,一般,*,*,*,*,塩あんびん,*,*,local_foods
加須うどん,,,-4472,名詞,一般,*,*,*,*,加須うどん,*,*,local_foods
なめろう,,,-3200,名詞,一般,*,*,*,*,なめろう,*,*,local_foods
さんが焼き,,,-4472,名詞,一般,*,*,*,*,さんが焼き,*,*,local_foods
サザエの,,,-3200,名詞,一般,*,*,*,*,サザエの,*,*,local_foods
くさりずし,,,-4472,名詞,一般,*,*,*,*,くさりずし,*,*,local_foods
太巻き祭り寿司,,,-7408,名詞,一般,*,*,*,*,太巻き祭り寿司,*,*,local_foods
ごま漬け,,,-3200,名詞,一般,*,*,*,*,ごま漬け,*,*,local_foods
はかりめ丼,,,-4472,名詞,一般,*,*,*,*,はかりめ丼,*,*,local_foods
江戸前寿司,,,-4472,名詞,一般,*,*,*,*,江戸前寿司,*,*,local_foods
品川めし,,,-3200,名詞,一般,*,*,*,*,品川めし,*,*,local_foods
べったら漬,,,-4472,名詞,一般,*,*,*,*,べったら漬,*,*,local_foods
どぜう鍋,,,-3200,名詞,一般,*,*,*,*,どぜう鍋,*,*,local_foods
ちゃんこ鍋,,,-4472,名詞,一般,*,*,*,*,ちゃんこ鍋,*,*,local_foods
小鍋立て,,,-3200,名詞,一般,*,*,*,*,小鍋立て,*,*,local_foods
もんじゃ焼き,,,-5878,名詞,一般,*,*,*,*,もんじゃ焼き,*,*,local_foods
けんちん汁,,,-4472,名詞,一般,*,*,*,*,けんちん汁,*,*,local_foods
焼きさんが,,,-4472,名詞,一般,*,*,*,*,焼きさんが,*,*,local_foods
かんこ焼き,,,-4472,名詞,一般,*,*,*,*,かんこ焼き,*,*,local_foods
へらへら団子,,,-5878,名詞,一般,*,*,*,*,へらへら団子,*,*,local_foods
へぎそば,,,-3200,名詞,一般,*,*,*,*,へぎそば,*,*,local_foods
醤油赤飯,,,-3200,名詞,一般,*,*,*,*,醤油赤飯,*,*,local_foods
鮭の焼き漬け,,,-5878,名詞,一般,*,*,*,*,鮭の焼き漬け,*,*,local_foods
のっぺい汁,,,-4472,名詞,一般,*,*,*,*,のっぺい汁,*,*,local_foods
けんさ焼き,,,-4472,名詞,一般,*,*,*,*,けんさ焼き,*,*,local_foods
いとこ煮,,,-3200,名詞,一般,*,*,*,*,いとこ煮,*,*,local_foods
けんちん汁,,,-4472,名詞,一般,*,*,*,*,けんちん汁,*,*,local_foods
せんぞうぼう,,,-5878,名詞,一般,*,*,*,*,せんぞうぼう,*,*,local_foods
いもがら煮,,,-4472,名詞,一般,*,*,*,*,いもがら煮,*,*,local_foods
いちょっぱ汁,,,-5878,名詞,一般,*,*,*,*,いちょっぱ汁,*,*,local_foods
くじら汁,,,-3200,名詞,一般,*,*,*,*,くじら汁,*,*,local_foods
しょっから煮,,,-5878,名詞,一般,*,*,*,*,しょっから煮,*,*,local_foods
なすがらみ,,,-4472,名詞,一般,*,*,*,*,なすがらみ,*,*,local_foods
茄子の亀甲煮,,,-5878,名詞,一般,*,*,*,*,茄子の亀甲煮,*,*,local_foods
とうこん干し,,,-5878,名詞,一般,*,*,*,*,とうこん干し,*,*,local_foods
とうの木のホロホロ,,,-10800,名詞,一般,*,*,*,*,とうの木のホロホロ,*,*,local_foods
干し菜料理,,,-4472,名詞,一般,*,*,*,*,干し菜料理,*,*,local_foods
まゆだま,,,-3200,名詞,一般,*,*,*,*,まゆだま,*,*,local_foods
みかんもち,,,-4472,名詞,一般,*,*,*,*,みかんもち,*,*,local_foods
味噌豆炒り,,,-4472,名詞,一般,*,*,*,*,味噌豆炒り,*,*,local_foods
菜ぞうすい,,,-4472,名詞,一般,*,*,*,*,菜ぞうすい,*,*,local_foods
めかすこめし,,,-5878,名詞,一般,*,*,*,*,めかすこめし,*,*,local_foods
デバの煮しめ,,,-5878,名詞,一般,*,*,*,*,デバの煮しめ,*,*,local_foods
いぐりごっぽ,,,-5878,名詞,一般,*,*,*,*,いぐりごっぽ,*,*,local_foods
えご練り,,,-3200,名詞,一般,*,*,*,*,えご練り,*,*,local_foods
あらめ料理,,,-4472,名詞,一般,*,*,*,*,あらめ料理,*,*,local_foods
たかぶ汁,,,-3200,名詞,一般,*,*,*,*,たかぶ汁,*,*,local_foods
たたきごぼう,,,-5878,名詞,一般,*,*,*,*,たたきごぼう,*,*,local_foods
ひえこめし,,,-4472,名詞,一般,*,*,*,*,ひえこめし,*,*,local_foods
びくにん酢和え,,,-7408,名詞,一般,*,*,*,*,びくにん酢和え,*,*,local_foods
ひこぜん,,,-3200,名詞,一般,*,*,*,*,ひこぜん,*,*,local_foods
たかぶ汁,,,-3200,名詞,一般,*,*,*,*,たかぶ汁,*,*,local_foods
がんづき,,,-3200,名詞,一般,*,*,*,*,がんづき,*,*,local_foods
ほうまんま,,,-4472,名詞,一般,*,*,*,*,ほうまんま,*,*,local_foods
たいごろう,,,-4472,名詞,一般,*,*,*,*,たいごろう,*,*,local_foods
おしかた,,,-3200,名詞,一般,*,*,*,*,おしかた,*,*,local_foods
おぼろ汁,,,-3200,名詞,一般,*,*,*,*,おぼろ汁,*,*,local_foods
ねせ巻き,,,-3200,名詞,一般,*,*,*,*,ねせ巻き,*,*,local_foods
わっぱ飯,,,-3200,名詞,一般,*,*,*,*,わっぱ飯,*,*,local_foods
ざくびら,,,-3200,名詞,一般,*,*,*,*,ざくびら,*,*,local_foods
唐辛子味噌,,,-4472,名詞,一般,*,*,*,*,唐辛子味噌,*,*,local_foods
わっぱ煮,,,-3200,名詞,一般,*,*,*,*,わっぱ煮,*,*,local_foods
氷頭なます,,,-4472,名詞,一般,*,*,*,*,氷頭なます,*,*,local_foods
舞茸と栗の,,,-4472,名詞,一般,*,*,*,*,舞茸と栗の,*,*,local_foods
あつめし,,,-3200,名詞,一般,*,*,*,*,あつめし,*,*,local_foods
三角ちまき,,,-4472,名詞,一般,*,*,*,*,三角ちまき,*,*,local_foods
どじょう汁,,,-4472,名詞,一般,*,*,*,*,どじょう汁,*,*,local_foods
かぶら寿司,,,-4472,名詞,一般,*,*,*,*,かぶら寿司,*,*,local_foods
ぶり大根,,,-3200,名詞,一般,*,*,*,*,ぶり大根,*,*,local_foods
ホタルイカ,,,-4472,名詞,一般,*,*,*,*,ホタルイカ,*,*,local_foods
おすわい,,,-3200,名詞,一般,*,*,*,*,おすわい,*,*,local_foods
越中ばい,,,-3200,名詞,一般,*,*,*,*,越中ばい,*,*,local_foods
いとこ煮,,,-3200,名詞,一般,*,*,*,*,いとこ煮,*,*,local_foods
くるみ和え,,,-4472,名詞,一般,*,*,*,*,くるみ和え,*,*,local_foods
けんちん汁,,,-4472,名詞,一般,*,*,*,*,けんちん汁,*,*,local_foods
べっこう,,,-3200,名詞,一般,*,*,*,*,べっこう,*,*,local_foods
カブス汁,,,-3200,名詞,一般,*,*,*,*,カブス汁,*,*,local_foods
細工蒲鉾,,,-3200,名詞,一般,*,*,*,*,細工蒲鉾,*,*,local_foods
昆布巻蒲鉾,,,-4472,名詞,一般,*,*,*,*,昆布巻蒲鉾,*,*,local_foods
昆布締め,,,-3200,名詞,一般,*,*,*,*,昆布締め,*,*,local_foods
山菜おこわ,,,-4472,名詞,一般,*,*,*,*,山菜おこわ,*,*,local_foods
あんじゃなます,,,-7408,名詞,一般,*,*,*,*,あんじゃなます,*,*,local_foods
五箇山豆腐,,,-4472,名詞,一般,*,*,*,*,五箇山豆腐,*,*,local_foods
げんげ汁,,,-3200,名詞,一般,*,*,*,*,げんげ汁,*,*,local_foods
ゴリ料理,,,-3200,名詞,一般,*,*,*,*,ゴリ料理,*,*,local_foods
かぶら寿司,,,-4472,名詞,一般,*,*,*,*,かぶら寿司,*,*,local_foods
大根寿司,,,-3200,名詞,一般,*,*,*,*,大根寿司,*,*,local_foods
ボラ茶漬け,,,-4472,名詞,一般,*,*,*,*,ボラ茶漬け,*,*,local_foods
いしるの貝焼鍋,,,-7408,名詞,一般,*,*,*,*,いしるの貝焼鍋,*,*,local_foods
くずまわし,,,-4472,名詞,一般,*,*,*,*,くずまわし,*,*,local_foods
柿の葉寿司,,,-4472,名詞,一般,*,*,*,*,柿の葉寿司,*,*,local_foods
こんかいわし,,,-5878,名詞,一般,*,*,*,*,こんかいわし,*,*,local_foods
いとこ汁,,,-3200,名詞,一般,*,*,*,*,いとこ汁,*,*,local_foods
めった汁,,,-3200,名詞,一般,*,*,*,*,めった汁,*,*,local_foods
てんば菜,,,-3200,名詞,一般,*,*,*,*,てんば菜,*,*,local_foods
鯛の唐蒸し,,,-4472,名詞,一般,*,*,*,*,鯛の唐蒸し,*,*,local_foods
河豚の卵巣の糠漬け,,,-10800,名詞,一般,*,*,*,*,河豚の卵巣の糠漬け,*,*,local_foods
茄子そうめん,,,-5878,名詞,一般,*,*,*,*,茄子そうめん,*,*,local_foods
甘エビの具足煮,,,-7408,名詞,一般,*,*,*,*,甘エビの具足煮,*,*,local_foods
たらの子つけ,,,-5878,名詞,一般,*,*,*,*,たらの子つけ,*,*,local_foods
たくあんの煮たの,,,-9050,名詞,一般,*,*,*,*,たくあんの煮たの,*,*,local_foods
越前おろしそば,,,-7408,名詞,一般,*,*,*,*,越前おろしそば,*,*,local_foods
越前がに,,,-3200,名詞,一般,*,*,*,*,越前がに,*,*,local_foods
かにめし,,,-3200,名詞,一般,*,*,*,*,かにめし,*,*,local_foods
はま焼きサバ,,,-5878,名詞,一般,*,*,*,*,はま焼きサバ,*,*,local_foods
あられがこの煮物,,,-9050,名詞,一般,*,*,*,*,あられがこの煮物,*,*,local_foods
ゼンマイ,,,-3200,名詞,一般,*,*,*,*,ゼンマイ,*,*,local_foods
小鯛の笹漬け,,,-5878,名詞,一般,*,*,*,*,小鯛の笹漬け,*,*,local_foods
たくあんの煮たの,,,-9050,名詞,一般,*,*,*,*,たくあんの煮たの,*,*,local_foods
殿様料理,,,-3200,名詞,一般,*,*,*,*,殿様料理,*,*,local_foods
ぼっかけ汁,,,-4472,名詞,一般,*,*,*,*,ぼっかけ汁,*,*,local_foods
甘鯛の若狭焼き,,,-7408,名詞,一般,*,*,*,*,甘鯛の若狭焼き,*,*,local_foods
羽二重餅,,,-3200,名詞,一般,*,*,*,*,羽二重餅,*,*,local_foods
葉っぱずし,,,-4472,名詞,一般,*,*,*,*,葉っぱずし,*,*,local_foods
鮑の煮貝,,,-3200,名詞,一般,*,*,*,*,鮑の煮貝,*,*,local_foods
煮貝の箱ずし,,,-5878,名詞,一般,*,*,*,*,煮貝の箱ずし,*,*,local_foods
煮貝の甲州じめ,,,-7408,名詞,一般,*,*,*,*,煮貝の甲州じめ,*,*,local_foods
ほうとう,,,-3200,名詞,一般,*,*,*,*,ほうとう,*,*,local_foods
吉田のうどん,,,-5878,名詞,一般,*,*,*,*,吉田のうどん,*,*,local_foods
むかご飯,,,-3200,名詞,一般,*,*,*,*,むかご飯,*,*,local_foods
身延湯葉,,,-3200,名詞,一般,*,*,*,*,身延湯葉,*,*,local_foods
身延饅頭,,,-3200,名詞,一般,*,*,*,*,身延饅頭,*,*,local_foods
溶岩焼き,,,-3200,名詞,一般,*,*,*,*,溶岩焼き,*,*,local_foods
甲府鳥もつ煮,,,-5878,名詞,一般,*,*,*,*,甲府鳥もつ煮,*,*,local_foods
信州味噌,,,-3200,名詞,一般,*,*,*,*,信州味噌,*,*,local_foods
信州そば,,,-3200,名詞,一般,*,*,*,*,信州そば,*,*,local_foods
いなごの佃煮,,,-5878,名詞,一般,*,*,*,*,いなごの佃煮,*,*,local_foods
栗おこわ,,,-3200,名詞,一般,*,*,*,*,栗おこわ,*,*,local_foods
栗鹿の子,,,-3200,名詞,一般,*,*,*,*,栗鹿の子,*,*,local_foods
ざざむしの佃煮,,,-7408,名詞,一般,*,*,*,*,ざざむしの佃煮,*,*,local_foods
すんき漬け,,,-4472,名詞,一般,*,*,*,*,すんき漬け,*,*,local_foods
ひんのべ,,,-3200,名詞,一般,*,*,*,*,ひんのべ,*,*,local_foods
謙信ずし,,,-3200,名詞,一般,*,*,*,*,謙信ずし,*,*,local_foods
信濃蒸し,,,-3200,名詞,一般,*,*,*,*,信濃蒸し,*,*,local_foods
凍り蕎麦,,,-3200,名詞,一般,*,*,*,*,凍り蕎麦,*,*,local_foods
野沢菜漬,,,-3200,名詞,一般,*,*,*,*,野沢菜漬,*,*,local_foods
いもなます,,,-4472,名詞,一般,*,*,*,*,いもなます,*,*,local_foods
おにかけうどん,,,-7408,名詞,一般,*,*,*,*,おにかけうどん,*,*,local_foods
行者蕎麦,,,-3200,名詞,一般,*,*,*,*,行者蕎麦,*,*,local_foods
みすず飴,,,-3200,名詞,一般,*,*,*,*,みすず飴,*,*,local_foods
鯉のうま煮,,,-4472,名詞,一般,*,*,*,*,鯉のうま煮,*,*,local_foods
おしぼりうどん,,,-7408,名詞,一般,*,*,*,*,おしぼりうどん,*,*,local_foods
塩丸イカ,,,-3200,名詞,一般,*,*,*,*,塩丸イカ,*,*,local_foods
朴葉寿司,,,-3200,名詞,一般,*,*,*,*,朴葉寿司,*,*,local_foods
朴葉味噌,,,-3200,名詞,一般,*,*,*,*,朴葉味噌,*,*,local_foods
あゆ雑炊,,,-3200,名詞,一般,*,*,*,*,あゆ雑炊,*,*,local_foods
在郷料理,,,-3200,名詞,一般,*,*,*,*,在郷料理,*,*,local_foods
いももち,,,-3200,名詞,一般,*,*,*,*,いももち,*,*,local_foods
げんこつ飴,,,-4472,名詞,一般,*,*,*,*,げんこつ飴,*,*,local_foods
ぼたん鍋,,,-3200,名詞,一般,*,*,*,*,ぼたん鍋,*,*,local_foods
からし豆腐,,,-4472,名詞,一般,*,*,*,*,からし豆腐,*,*,local_foods
栗きんとん,,,-4472,名詞,一般,*,*,*,*,栗きんとん,*,*,local_foods
金魚めし,,,-3200,名詞,一般,*,*,*,*,金魚めし,*,*,local_foods
げんなり寿司,,,-5878,名詞,一般,*,*,*,*,げんなり寿司,*,*,local_foods
とろろ汁,,,-3200,名詞,一般,*,*,*,*,とろろ汁,*,*,local_foods
黒はんぺん,,,-4472,名詞,一般,*,*,*,*,黒はんぺん,*,*,local_foods
石焼き鍋,,,-3200,名詞,一般,*,*,*,*,石焼き鍋,*,*,local_foods
小魚だんご,,,-4472,名詞,一般,*,*,*,*,小魚だんご,*,*,local_foods
さんま寿司,,,-4472,名詞,一般,*,*,*,*,さんま寿司,*,*,local_foods
スッポン,,,-3200,名詞,一般,*,*,*,*,スッポン,*,*,local_foods
なんか揚げ,,,-4472,名詞,一般,*,*,*,*,なんか揚げ,*,*,local_foods
ニアイナマス,,,-5878,名詞,一般,*,*,*,*,ニアイナマス,*,*,local_foods
山葵漬け,,,-3200,名詞,一般,*,*,*,*,山葵漬け,*,*,local_foods
きしめん,,,-3200,名詞,一般,*,*,*,*,きしめん,*,*,local_foods
味噌煮込みうどん,,,-9050,名詞,一般,*,*,*,*,味噌煮込みうどん,*,*,local_foods
じょじょ切り,,,-5878,名詞,一般,*,*,*,*,じょじょ切り,*,*,local_foods
イナまんじゅう,,,-7408,名詞,一般,*,*,*,*,イナまんじゅう,*,*,local_foods
切り干し,,,-3200,名詞,一般,*,*,*,*,切り干し,*,*,local_foods
ひつまぶし,,,-4472,名詞,一般,*,*,*,*,ひつまぶし,*,*,local_foods
味噌田楽,,,-3200,名詞,一般,*,*,*,*,味噌田楽,*,*,local_foods
伊勢うどん,,,-4472,名詞,一般,*,*,*,*,伊勢うどん,*,*,local_foods
手こね寿司,,,-4472,名詞,一般,*,*,*,*,手こね寿司,*,*,local_foods
秋刀魚寿司,,,-4472,名詞,一般,*,*,*,*,秋刀魚寿司,*,*,local_foods
伊勢海老,,,-3200,名詞,一般,*,*,*,*,伊勢海老,*,*,local_foods
めはり寿司,,,-4472,名詞,一般,*,*,*,*,めはり寿司,*,*,local_foods
蛤（はまぐり）,,,-7408,名詞,一般,*,*,*,*,蛤（はまぐり）,*,*,local_foods
マンボウ,,,-3200,名詞,一般,*,*,*,*,マンボウ,*,*,local_foods
おこうこのじゃこ煮,,,-10800,名詞,一般,*,*,*,*,おこうこのじゃこ煮,*,*,local_foods
ふなの甘露煮,,,-5878,名詞,一般,*,*,*,*,ふなの甘露煮,*,*,local_foods
焼鯖そうめん,,,-5878,名詞,一般,*,*,*,*,焼鯖そうめん,*,*,local_foods
高島とんちゃん,,,-7408,名詞,一般,*,*,*,*,高島とんちゃん,*,*,local_foods
近江牛の味噌漬け,,,-9050,名詞,一般,*,*,*,*,近江牛の味噌漬け,*,*,local_foods
干瓢料理,,,-3200,名詞,一般,*,*,*,*,干瓢料理,*,*,local_foods
日野菜漬け,,,-4472,名詞,一般,*,*,*,*,日野菜漬け,*,*,local_foods
ばら寿司,,,-3200,名詞,一般,*,*,*,*,ばら寿司,*,*,local_foods
赤こんにゃく,,,-5878,名詞,一般,*,*,*,*,赤こんにゃく,*,*,local_foods
おこうこのじゃこ煮,,,-10800,名詞,一般,*,*,*,*,おこうこのじゃこ煮,*,*,local_foods
千枚漬け,,,-3200,名詞,一般,*,*,*,*,千枚漬け,*,*,local_foods
まつたけ飯,,,-4472,名詞,一般,*,*,*,*,まつたけ飯,*,*,local_foods
はりはり鍋,,,-4472,名詞,一般,*,*,*,*,はりはり鍋,*,*,local_foods
ちりめんざんしょう,,,-10800,名詞,一般,*,*,*,*,ちりめんざんしょう,*,*,local_foods
飛竜頭のお平,,,-5878,名詞,一般,*,*,*,*,飛竜頭のお平,*,*,local_foods
西京漬け,,,-3200,名詞,一般,*,*,*,*,西京漬け,*,*,local_foods
にしんそば,,,-4472,名詞,一般,*,*,*,*,にしんそば,*,*,local_foods
卓袱うどん,,,-4472,名詞,一般,*,*,*,*,卓袱うどん,*,*,local_foods
ぶぶ漬け,,,-3200,名詞,一般,*,*,*,*,ぶぶ漬け,*,*,local_foods
胡麻豆腐,,,-3200,名詞,一般,*,*,*,*,胡麻豆腐,*,*,local_foods
いとこ汁,,,-3200,名詞,一般,*,*,*,*,いとこ汁,*,*,local_foods
間人ガニ料理,,,-5878,名詞,一般,*,*,*,*,間人ガニ料理,*,*,local_foods
肉じゃが,,,-3200,名詞,一般,*,*,*,*,肉じゃが,*,*,local_foods
鰤しゃぶ料理,,,-5878,名詞,一般,*,*,*,*,鰤しゃぶ料理,*,*,local_foods
大阪寿司,,,-3200,名詞,一般,*,*,*,*,大阪寿司,*,*,local_foods
バッテラ,,,-3200,名詞,一般,*,*,*,*,バッテラ,*,*,local_foods
はりはり鍋,,,-4472,名詞,一般,*,*,*,*,はりはり鍋,*,*,local_foods
加薬ご飯,,,-3200,名詞,一般,*,*,*,*,加薬ご飯,*,*,local_foods
うどんすき,,,-4472,名詞,一般,*,*,*,*,うどんすき,*,*,local_foods
どて焼き,,,-3200,名詞,一般,*,*,*,*,どて焼き,*,*,local_foods
小田巻き蒸し,,,-5878,名詞,一般,*,*,*,*,小田巻き蒸し,*,*,local_foods
半助豆腐,,,-3200,名詞,一般,*,*,*,*,半助豆腐,*,*,local_foods
てっちり,,,-3200,名詞,一般,*,*,*,*,てっちり,*,*,local_foods
お好み焼き,,,-4472,名詞,一般,*,*,*,*,お好み焼き,*,*,local_foods
じゃこごうこ,,,-5878,名詞,一般,*,*,*,*,じゃこごうこ,*,*,local_foods
じゃこのぐう飯,,,-7408,名詞,一般,*,*,*,*,じゃこのぐう飯,*,*,local_foods
くずし汁,,,-3200,名詞,一般,*,*,*,*,くずし汁,*,*,local_foods
アカエイの煮物,,,-7408,名詞,一般,*,*,*,*,アカエイの煮物,*,*,local_foods
ガッチョ,,,-3200,名詞,一般,*,*,*,*,ガッチョ,*,*,local_foods
穴子の八幡巻き,,,-7408,名詞,一般,*,*,*,*,穴子の八幡巻き,*,*,local_foods
イカナゴ,,,-3200,名詞,一般,*,*,*,*,イカナゴ,*,*,local_foods
ぼっかけ,,,-3200,名詞,一般,*,*,*,*,ぼっかけ,*,*,local_foods
そばめし,,,-3200,名詞,一般,*,*,*,*,そばめし,*,*,local_foods
出石そば,,,-3200,名詞,一般,*,*,*,*,出石そば,*,*,local_foods
たこめし,,,-3200,名詞,一般,*,*,*,*,たこめし,*,*,local_foods
ぼたん鍋,,,-3200,名詞,一般,*,*,*,*,ぼたん鍋,*,*,local_foods
きな粉雑煮,,,-4472,名詞,一般,*,*,*,*,きな粉雑煮,*,*,local_foods
三輪素麺,,,-3200,名詞,一般,*,*,*,*,三輪素麺,*,*,local_foods
柿の葉寿司,,,-4472,名詞,一般,*,*,*,*,柿の葉寿司,*,*,local_foods
奈良茶飯,,,-3200,名詞,一般,*,*,*,*,奈良茶飯,*,*,local_foods
奈良漬け,,,-3200,名詞,一般,*,*,*,*,奈良漬け,*,*,local_foods
にゅうめん,,,-4472,名詞,一般,*,*,*,*,にゅうめん,*,*,local_foods
大和の茶粥,,,-4472,名詞,一般,*,*,*,*,大和の茶粥,*,*,local_foods
朴の葉寿司,,,-4472,名詞,一般,*,*,*,*,朴の葉寿司,*,*,local_foods
さいら寿司,,,-4472,名詞,一般,*,*,*,*,さいら寿司,*,*,local_foods
小豆と南瓜のいとこ煮,,,-12649,名詞,一般,*,*,*,*,小豆と南瓜のいとこ煮,*,*,local_foods
さぶらきご飯,,,-5878,名詞,一般,*,*,*,*,さぶらきご飯,*,*,local_foods
ささげご飯,,,-4472,名詞,一般,*,*,*,*,ささげご飯,*,*,local_foods
めはりずし,,,-4472,名詞,一般,*,*,*,*,めはりずし,*,*,local_foods
胡麻豆腐,,,-3200,名詞,一般,*,*,*,*,胡麻豆腐,*,*,local_foods
大和まな,,,-3200,名詞,一般,*,*,*,*,大和まな,*,*,local_foods
ミズナの辛子和え,,,-9050,名詞,一般,*,*,*,*,ミズナの辛子和え,*,*,local_foods
唐辛子とちりめんじゃこの炊いたん,,,-25600,名詞,一般,*,*,*,*,唐辛子とちりめんじゃこの炊いたん,*,*,local_foods
かみなり茄子,,,-5878,名詞,一般,*,*,*,*,かみなり茄子,*,*,local_foods
高野粉の煮物,,,-5878,名詞,一般,*,*,*,*,高野粉の煮物,*,*,local_foods
しきしき,,,-3200,名詞,一般,*,*,*,*,しきしき,*,*,local_foods
よもぎの餡付け餅,,,-9050,名詞,一般,*,*,*,*,よもぎの餡付け餅,*,*,local_foods
わらび餅,,,-3200,名詞,一般,*,*,*,*,わらび餅,*,*,local_foods
くるみ餅,,,-3200,名詞,一般,*,*,*,*,くるみ餅,*,*,local_foods
いもぼた,,,-3200,名詞,一般,*,*,*,*,いもぼた,*,*,local_foods
いもぼた,,,-3200,名詞,一般,*,*,*,*,いもぼた,*,*,local_foods
大和のつるし柿,,,-7408,名詞,一般,*,*,*,*,大和のつるし柿,*,*,local_foods
めごんぼ,,,-3200,名詞,一般,*,*,*,*,めごんぼ,*,*,local_foods
めはり寿司,,,-4472,名詞,一般,*,*,*,*,めはり寿司,*,*,local_foods
高野豆腐,,,-3200,名詞,一般,*,*,*,*,高野豆腐,*,*,local_foods
はりはり鍋,,,-4472,名詞,一般,*,*,*,*,はりはり鍋,*,*,local_foods
なれずし,,,-3200,名詞,一般,*,*,*,*,なれずし,*,*,local_foods
小鯛の雀寿司,,,-5878,名詞,一般,*,*,*,*,小鯛の雀寿司,*,*,local_foods
さんま寿司,,,-4472,名詞,一般,*,*,*,*,さんま寿司,*,*,local_foods
金山寺味噌,,,-4472,名詞,一般,*,*,*,*,金山寺味噌,*,*,local_foods
ほうらく焼き,,,-5878,名詞,一般,*,*,*,*,ほうらく焼き,*,*,local_foods
じゃこ寿司,,,-4472,名詞,一般,*,*,*,*,じゃこ寿司,*,*,local_foods
ばばちゃん鍋,,,-5878,名詞,一般,*,*,*,*,ばばちゃん鍋,*,*,local_foods
ののこめし,,,-4472,名詞,一般,*,*,*,*,ののこめし,*,*,local_foods
豆腐めし,,,-3200,名詞,一般,*,*,*,*,豆腐めし,*,*,local_foods
もずく雑炊,,,-4472,名詞,一般,*,*,*,*,もずく雑炊,*,*,local_foods
ラッキョウ,,,-4472,名詞,一般,*,*,*,*,ラッキョウ,*,*,local_foods
いがい飯,,,-3200,名詞,一般,*,*,*,*,いがい飯,*,*,local_foods
どじょう汁,,,-4472,名詞,一般,*,*,*,*,どじょう汁,*,*,local_foods
大山おこわ,,,-4472,名詞,一般,*,*,*,*,大山おこわ,*,*,local_foods
大山そば,,,-3200,名詞,一般,*,*,*,*,大山そば,*,*,local_foods
松葉ガニ,,,-3200,名詞,一般,*,*,*,*,松葉ガニ,*,*,local_foods
豆腐ちくわ,,,-4472,名詞,一般,*,*,*,*,豆腐ちくわ,*,*,local_foods
あごのやき,,,-4472,名詞,一般,*,*,*,*,あごのやき,*,*,local_foods
ぼてぼて茶,,,-4472,名詞,一般,*,*,*,*,ぼてぼて茶,*,*,local_foods
さばのいり焼き,,,-7408,名詞,一般,*,*,*,*,さばのいり焼き,*,*,local_foods
おまん寿司,,,-4472,名詞,一般,*,*,*,*,おまん寿司,*,*,local_foods
鯖の煮食い,,,-4472,名詞,一般,*,*,*,*,鯖の煮食い,*,*,local_foods
出雲そば,,,-3200,名詞,一般,*,*,*,*,出雲そば,*,*,local_foods
うずめ飯,,,-3200,名詞,一般,*,*,*,*,うずめ飯,*,*,local_foods
豆腐めし,,,-3200,名詞,一般,*,*,*,*,豆腐めし,*,*,local_foods
めのは飯,,,-3200,名詞,一般,*,*,*,*,めのは飯,*,*,local_foods
しじみ汁,,,-3200,名詞,一般,*,*,*,*,しじみ汁,*,*,local_foods
こもり豆腐,,,-4472,名詞,一般,*,*,*,*,こもり豆腐,*,*,local_foods
のっぺい汁,,,-4472,名詞,一般,*,*,*,*,のっぺい汁,*,*,local_foods
鱸の奉書焼き,,,-5878,名詞,一般,*,*,*,*,鱸の奉書焼き,*,*,local_foods
サザエカレー,,,-5878,名詞,一般,*,*,*,*,サザエカレー,*,*,local_foods
ばら寿司,,,-3200,名詞,一般,*,*,*,*,ばら寿司,*,*,local_foods
ままかり,,,-3200,名詞,一般,*,*,*,*,ままかり,*,*,local_foods
えびめし,,,-3200,名詞,一般,*,*,*,*,えびめし,*,*,local_foods
カキオコ,,,-3200,名詞,一般,*,*,*,*,カキオコ,*,*,local_foods
根ぶかめし,,,-4472,名詞,一般,*,*,*,*,根ぶかめし,*,*,local_foods
シャコ丼,,,-3200,名詞,一般,*,*,*,*,シャコ丼,*,*,local_foods
すまき豆腐,,,-4472,名詞,一般,*,*,*,*,すまき豆腐,*,*,local_foods
鉄砲漬け,,,-3200,名詞,一般,*,*,*,*,鉄砲漬け,*,*,local_foods
とりめし,,,-3200,名詞,一般,*,*,*,*,とりめし,*,*,local_foods
にゅうめん,,,-4472,名詞,一般,*,*,*,*,にゅうめん,*,*,local_foods
備中そば,,,-3200,名詞,一般,*,*,*,*,備中そば,*,*,local_foods
備中手延麺,,,-4472,名詞,一般,*,*,*,*,備中手延麺,*,*,local_foods
蒜山おこわ,,,-4472,名詞,一般,*,*,*,*,蒜山おこわ,*,*,local_foods
ふなめし,,,-3200,名詞,一般,*,*,*,*,ふなめし,*,*,local_foods
あずまずし,,,-4472,名詞,一般,*,*,*,*,あずまずし,*,*,local_foods
あなご飯,,,-3200,名詞,一般,*,*,*,*,あなご飯,*,*,local_foods
おはっすん,,,-4472,名詞,一般,*,*,*,*,おはっすん,*,*,local_foods
かきの土手鍋,,,-5878,名詞,一般,*,*,*,*,かきの土手鍋,*,*,local_foods
さんばい,,,-3200,名詞,一般,*,*,*,*,さんばい,*,*,local_foods
小いわし料理,,,-5878,名詞,一般,*,*,*,*,小いわし料理,*,*,local_foods
魚のはぶて焼き,,,-7408,名詞,一般,*,*,*,*,魚のはぶて焼き,*,*,local_foods
たこめし,,,-3200,名詞,一般,*,*,*,*,たこめし,*,*,local_foods
ちしゃもみ,,,-4472,名詞,一般,*,*,*,*,ちしゃもみ,*,*,local_foods
ワニ料理,,,-3200,名詞,一般,*,*,*,*,ワニ料理,*,*,local_foods
お好み焼き,,,-4472,名詞,一般,*,*,*,*,お好み焼き,*,*,local_foods
ふく料理,,,-3200,名詞,一般,*,*,*,*,ふく料理,*,*,local_foods
そばねっつり,,,-5878,名詞,一般,*,*,*,*,そばねっつり,*,*,local_foods
ほおかむり,,,-4472,名詞,一般,*,*,*,*,ほおかむり,*,*,local_foods
けんちょう,,,-4472,名詞,一般,*,*,*,*,けんちょう,*,*,local_foods
ちしゃなます,,,-5878,名詞,一般,*,*,*,*,ちしゃなます,*,*,local_foods
いとこ煮,,,-3200,名詞,一般,*,*,*,*,いとこ煮,*,*,local_foods
岩国寿司,,,-3200,名詞,一般,*,*,*,*,岩国寿司,*,*,local_foods
あぶら飯,,,-3200,名詞,一般,*,*,*,*,あぶら飯,*,*,local_foods
ほってんどう餅,,,-7408,名詞,一般,*,*,*,*,ほってんどう餅,*,*,local_foods
きりずし,,,-3200,名詞,一般,*,*,*,*,きりずし,*,*,local_foods
さんばい,,,-3200,名詞,一般,*,*,*,*,さんばい,*,*,local_foods
わかめむすび,,,-5878,名詞,一般,*,*,*,*,わかめむすび,*,*,local_foods
お茶の葉おにぎり,,,-9050,名詞,一般,*,*,*,*,お茶の葉おにぎり,*,*,local_foods
幽霊寿司,,,-3200,名詞,一般,*,*,*,*,幽霊寿司,*,*,local_foods
ばりそば,,,-3200,名詞,一般,*,*,*,*,ばりそば,*,*,local_foods
ぞめき料理,,,-4472,名詞,一般,*,*,*,*,ぞめき料理,*,*,local_foods
そば米汁,,,-3200,名詞,一般,*,*,*,*,そば米汁,*,*,local_foods
たいめし,,,-3200,名詞,一般,*,*,*,*,たいめし,*,*,local_foods
かきまぜ,,,-3200,名詞,一般,*,*,*,*,かきまぜ,*,*,local_foods
でこまわし,,,-4472,名詞,一般,*,*,*,*,でこまわし,*,*,local_foods
ぼうぜの姿寿司,,,-7408,名詞,一般,*,*,*,*,ぼうぜの姿寿司,*,*,local_foods
たらいうどん,,,-5878,名詞,一般,*,*,*,*,たらいうどん,*,*,local_foods
わかめ料理,,,-4472,名詞,一般,*,*,*,*,わかめ料理,*,*,local_foods
おなぎめし,,,-4472,名詞,一般,*,*,*,*,おなぎめし,*,*,local_foods
讃岐うどん,,,-4472,名詞,一般,*,*,*,*,讃岐うどん,*,*,local_foods
打ち込み汁,,,-4472,名詞,一般,*,*,*,*,打ち込み汁,*,*,local_foods
しょうゆ豆,,,-4472,名詞,一般,*,*,*,*,しょうゆ豆,*,*,local_foods
餡餅雑煮,,,-3200,名詞,一般,*,*,*,*,餡餅雑煮,*,*,local_foods
鮒のてっぱい,,,-5878,名詞,一般,*,*,*,*,鮒のてっぱい,*,*,local_foods
こんにゃくの八杯,,,-9050,名詞,一般,*,*,*,*,こんにゃくの八杯,*,*,local_foods
どじょう汁,,,-4472,名詞,一般,*,*,*,*,どじょう汁,*,*,local_foods
まんばのけんちゃん,,,-10800,名詞,一般,*,*,*,*,まんばのけんちゃん,*,*,local_foods
皮ちくわ,,,-3200,名詞,一般,*,*,*,*,皮ちくわ,*,*,local_foods
川魚昭八料理,,,-5878,名詞,一般,*,*,*,*,川魚昭八料理,*,*,local_foods
じゃこ天,,,-3200,名詞,一般,*,*,*,*,じゃこ天,*,*,local_foods
せんざんき,,,-4472,名詞,一般,*,*,*,*,せんざんき,*,*,local_foods
ぼっかけ,,,-3200,名詞,一般,*,*,*,*,ぼっかけ,*,*,local_foods
押し抜きずし,,,-5878,名詞,一般,*,*,*,*,押し抜きずし,*,*,local_foods
たこめし,,,-3200,名詞,一般,*,*,*,*,たこめし,*,*,local_foods
たらいうどん,,,-5878,名詞,一般,*,*,*,*,たらいうどん,*,*,local_foods
緋の蕪漬け,,,-4472,名詞,一般,*,*,*,*,緋の蕪漬け,*,*,local_foods
ひゅうが飯,,,-4472,名詞,一般,*,*,*,*,ひゅうが飯,*,*,local_foods
ふぐざく,,,-3200,名詞,一般,*,*,*,*,ふぐざく,*,*,local_foods
ふくめん,,,-3200,名詞,一般,*,*,*,*,ふくめん,*,*,local_foods
ほうたれ天,,,-4472,名詞,一般,*,*,*,*,ほうたれ天,*,*,local_foods
しょうゆ餅,,,-4472,名詞,一般,*,*,*,*,しょうゆ餅,*,*,local_foods
さつま汁,,,-3200,名詞,一般,*,*,*,*,さつま汁,*,*,local_foods
りんまん,,,-3200,名詞,一般,*,*,*,*,りんまん,*,*,local_foods
皿鉢料理,,,-3200,名詞,一般,*,*,*,*,皿鉢料理,*,*,local_foods
鰹のタタキ,,,-4472,名詞,一般,*,*,*,*,鰹のタタキ,*,*,local_foods
虎杖料理,,,-3200,名詞,一般,*,*,*,*,虎杖料理,*,*,local_foods
うつぼ料理,,,-4472,名詞,一般,*,*,*,*,うつぼ料理,*,*,local_foods
クエちり,,,-3200,名詞,一般,*,*,*,*,クエちり,*,*,local_foods
しいたけの,,,-4472,名詞,一般,*,*,*,*,しいたけの,*,*,local_foods
どろめのにんにくぬた,,,-12649,名詞,一般,*,*,*,*,どろめのにんにくぬた,*,*,local_foods
おぶつ煮,,,-3200,名詞,一般,*,*,*,*,おぶつ煮,*,*,local_foods
鯖の姿ずし,,,-4472,名詞,一般,*,*,*,*,鯖の姿ずし,*,*,local_foods
昆布ずし,,,-3200,名詞,一般,*,*,*,*,昆布ずし,*,*,local_foods
鯛の玉蒸し,,,-4472,名詞,一般,*,*,*,*,鯛の玉蒸し,*,*,local_foods
鯖の煮食い,,,-4472,名詞,一般,*,*,*,*,鯖の煮食い,*,*,local_foods
鶏だんご,,,-3200,名詞,一般,*,*,*,*,鶏だんご,*,*,local_foods
あぶってかも,,,-5878,名詞,一般,*,*,*,*,あぶってかも,*,*,local_foods
おきゅうと,,,-4472,名詞,一般,*,*,*,*,おきゅうと,*,*,local_foods
かます寿司,,,-4472,名詞,一般,*,*,*,*,かます寿司,*,*,local_foods
かつお菜,,,-3200,名詞,一般,*,*,*,*,かつお菜,*,*,local_foods
鰯のぬか炊き,,,-5878,名詞,一般,*,*,*,*,鰯のぬか炊き,*,*,local_foods
イソギンチャク,,,-7408,名詞,一般,*,*,*,*,イソギンチャク,*,*,local_foods
たいらぎ,,,-3200,名詞,一般,*,*,*,*,たいらぎ,*,*,local_foods
須古寿し,,,-3200,名詞,一般,*,*,*,*,須古寿し,*,*,local_foods
呼子イカの活きづくり,,,-12649,名詞,一般,*,*,*,*,呼子イカの活きづくり,*,*,local_foods
カツオ飯,,,-3200,名詞,一般,*,*,*,*,カツオ飯,*,*,local_foods
ふなんこぐい,,,-5878,名詞,一般,*,*,*,*,ふなんこぐい,*,*,local_foods
ムツゴロウの蒲焼,,,-9050,名詞,一般,*,*,*,*,ムツゴロウの蒲焼,*,*,local_foods
ごどうふ,,,-3200,名詞,一般,*,*,*,*,ごどうふ,*,*,local_foods
だんだら粥,,,-4472,名詞,一般,*,*,*,*,だんだら粥,*,*,local_foods
カラスミ,,,-3200,名詞,一般,*,*,*,*,カラスミ,*,*,local_foods
ゴウレンそぼろ,,,-7408,名詞,一般,*,*,*,*,ゴウレンそぼろ,*,*,local_foods
卓袱料理,,,-3200,名詞,一般,*,*,*,*,卓袱料理,*,*,local_foods
ざくろなます,,,-5878,名詞,一般,*,*,*,*,ざくろなます,*,*,local_foods
いぎりす,,,-3200,名詞,一般,*,*,*,*,いぎりす,*,*,local_foods
きびなご鍋,,,-4472,名詞,一般,*,*,*,*,きびなご鍋,*,*,local_foods
寒ざらし,,,-3200,名詞,一般,*,*,*,*,寒ざらし,*,*,local_foods
大村寿司,,,-3200,名詞,一般,*,*,*,*,大村寿司,*,*,local_foods
いなほ焼き,,,-4472,名詞,一般,*,*,*,*,いなほ焼き,*,*,local_foods
かんころもち,,,-5878,名詞,一般,*,*,*,*,かんころもち,*,*,local_foods
カステラ,,,-3200,名詞,一般,*,*,*,*,カステラ,*,*,local_foods
ちゃんぽん,,,-4472,名詞,一般,*,*,*,*,ちゃんぽん,*,*,local_foods
皿うどん,,,-3200,名詞,一般,*,*,*,*,皿うどん,*,*,local_foods
佐世保バーガー,,,-7408,名詞,一般,*,*,*,*,佐世保バーガー,*,*,local_foods
いきなり団子,,,-5878,名詞,一般,*,*,*,*,いきなり団子,*,*,local_foods
一文字グルグル,,,-7408,名詞,一般,*,*,*,*,一文字グルグル,*,*,local_foods
辛子蓮根,,,-3200,名詞,一般,*,*,*,*,辛子蓮根,*,*,local_foods
コノシロ,,,-3200,名詞,一般,*,*,*,*,コノシロ,*,*,local_foods
高菜めし,,,-3200,名詞,一般,*,*,*,*,高菜めし,*,*,local_foods
豆腐の味噌漬け,,,-7408,名詞,一般,*,*,*,*,豆腐の味噌漬け,*,*,local_foods
つぼん汁,,,-3200,名詞,一般,*,*,*,*,つぼん汁,*,*,local_foods
きらすまめし,,,-5878,名詞,一般,*,*,*,*,きらすまめし,*,*,local_foods
城下かれい,,,-4472,名詞,一般,*,*,*,*,城下かれい,*,*,local_foods
ふぐ料理,,,-3200,名詞,一般,*,*,*,*,ふぐ料理,*,*,local_foods
だんご汁,,,-3200,名詞,一般,*,*,*,*,だんご汁,*,*,local_foods
やせうま,,,-3200,名詞,一般,*,*,*,*,やせうま,*,*,local_foods
たらおさ,,,-3200,名詞,一般,*,*,*,*,たらおさ,*,*,local_foods
地獄蒸し,,,-3200,名詞,一般,*,*,*,*,地獄蒸し,*,*,local_foods
光明寺飯,,,-3200,名詞,一般,*,*,*,*,光明寺飯,*,*,local_foods
ごまだし,,,-3200,名詞,一般,*,*,*,*,ごまだし,*,*,local_foods
あつめし,,,-3200,名詞,一般,*,*,*,*,あつめし,*,*,local_foods
うれしの,,,-3200,名詞,一般,*,*,*,*,うれしの,*,*,local_foods
うずみみそ,,,-4472,名詞,一般,*,*,*,*,うずみみそ,*,*,local_foods
はすいもの酢あえ,,,-9050,名詞,一般,*,*,*,*,はすいもの酢あえ,*,*,local_foods
チキン南蛮,,,-4472,名詞,一般,*,*,*,*,チキン南蛮,*,*,local_foods
ボラのやっきり,,,-7408,名詞,一般,*,*,*,*,ボラのやっきり,*,*,local_foods
サボテン,,,-3200,名詞,一般,*,*,*,*,サボテン,*,*,local_foods
ザボン漬け,,,-4472,名詞,一般,*,*,*,*,ザボン漬け,*,*,local_foods
レタス巻き,,,-4472,名詞,一般,*,*,*,*,レタス巻き,*,*,local_foods
けんちゃん汁,,,-5878,名詞,一般,*,*,*,*,けんちゃん汁,*,*,local_foods
ういろう,,,-3200,名詞,一般,*,*,*,*,ういろう,*,*,local_foods
湯なます,,,-3200,名詞,一般,*,*,*,*,湯なます,*,*,local_foods
つくらの姿ずし,,,-7408,名詞,一般,*,*,*,*,つくらの姿ずし,*,*,local_foods
かつお飯,,,-3200,名詞,一般,*,*,*,*,かつお飯,*,*,local_foods
里いものとも和え,,,-9050,名詞,一般,*,*,*,*,里いものとも和え,*,*,local_foods
ねりくり,,,-3200,名詞,一般,*,*,*,*,ねりくり,*,*,local_foods
あくまき,,,-3200,名詞,一般,*,*,*,*,あくまき,*,*,local_foods
きびなご料理,,,-5878,名詞,一般,*,*,*,*,きびなご料理,*,*,local_foods
さつま汁,,,-3200,名詞,一般,*,*,*,*,さつま汁,*,*,local_foods
味噌おでん,,,-4472,名詞,一般,*,*,*,*,味噌おでん,*,*,local_foods
えのころ飯,,,-4472,名詞,一般,*,*,*,*,えのころ飯,*,*,local_foods
ひえもんとり,,,-5878,名詞,一般,*,*,*,*,ひえもんとり,*,*,local_foods
薩摩揚げ,,,-3200,名詞,一般,*,*,*,*,薩摩揚げ,*,*,local_foods
豚骨料理,,,-3200,名詞,一般,*,*,*,*,豚骨料理,*,*,local_foods
ねったぼ,,,-3200,名詞,一般,*,*,*,*,ねったぼ,*,*,local_foods
あくまき,,,-3200,名詞,一般,*,*,*,*,あくまき,*,*,local_foods
かるかん,,,-3200,名詞,一般,*,*,*,*,かるかん,*,*,local_foods
ピーナッツ味噌,,,-7408,名詞,一般,*,*,*,*,ピーナッツ味噌,*,*,local_foods
アンダンスー,,,-5878,名詞,一般,*,*,*,*,アンダンスー,*,*,local_foods
足テビチ,,,-3200,名詞,一般,*,*,*,*,足テビチ,*,*,local_foods
アーサ汁,,,-3200,名詞,一般,*,*,*,*,アーサ汁,*,*,local_foods
いかすみ汁,,,-4472,名詞,一般,*,*,*,*,いかすみ汁,*,*,local_foods
イナムドゥチ,,,-5878,名詞,一般,*,*,*,*,イナムドゥチ,*,*,local_foods
イラブー汁,,,-4472,名詞,一般,*,*,*,*,イラブー汁,*,*,local_foods
沖縄そば,,,-3200,名詞,一般,*,*,*,*,沖縄そば,*,*,local_foods
八重山そば,,,-4472,名詞,一般,*,*,*,*,八重山そば,*,*,local_foods
イリチー,,,-3200,名詞,一般,*,*,*,*,イリチー,*,*,local_foods
ンブシー,,,-3200,名詞,一般,*,*,*,*,ンブシー,*,*,local_foods
魚のマース煮,,,-5878,名詞,一般,*,*,*,*,魚のマース煮,*,*,local_foods
サーターアンダギー,,,-10800,名詞,一般,*,*,*,*,サーターアンダギー,*,*,local_foods
シカムドゥチ,,,-5878,名詞,一般,*,*,*,*,シカムドゥチ,*,*,local_foods
ジューシー,,,-4472,名詞,一般,*,*,*,*,ジューシー,*,*,local_foods
スーチカ,,,-3200,名詞,一般,*,*,*,*,スーチカ,*,*,local_foods
タコライス,,,-4472,名詞,一般,*,*,*,*,タコライス,*,*,local_foods
ドゥルワカシー,,,-7408,名詞,一般,*,*,*,*,ドゥルワカシー,*,*,local_foods
チャンプルー,,,-5878,名詞,一般,*,*,*,*,チャンプルー,*,*,local_foods
豆腐よう,,,-3200,名詞,一般,*,*,*,*,豆腐よう,*,*,local_foods
にんじんしりしりー,,,-10800,名詞,一般,*,*,*,*,にんじんしりしりー,*,*,local_foods
ヒージャー汁,,,-5878,名詞,一般,*,*,*,*,ヒージャー汁,*,*,local_foods
ミミガー,,,-3200,名詞,一般,*,*,*,*,ミミガー,*,*,local_foods
ラフテー,,,-3200,名詞,一般,*,*,*,*,ラフテー,*,*,local_foods
ヌンクー,,,-3200,名詞,一般,*,*,*,*,ヌンクー,*,*,local_foods
大東寿司,,,-3200,名詞,一般,*,*,*,*,大東寿司,*,*,local_foods
ポーク玉子,,,-4472,名詞,一般,*,*,*,*,ポーク玉子,*,*,local_foods
ミヌダル,,,-3200,名詞,一般,*,*,*,*,ミヌダル,*,*,local_foods
イタミルクジュウ,,,-9050,名詞,一般,*,*,*,*,イタミルクジュウ,*,*,local_foods
ヒラヤーチー,,,-5878,名詞,一般,*,*,*,*,ヒラヤーチー,*,*,local_foods
ぽーぽー,,,-3200,名詞,一般,*,*,*,*,ぽーぽー,*,*,local_foods
